setting,project_name,f1-score,precision,recall,true positives,false positives,false negatives,true negatives
off,NodeGoat,0.8095238095238095,0.68,1.0,34,16,0,189.0
off,vulnerable-node,0.9523809523809523,0.9090909090909091,1.0,30,3,0,32.0
off,juice-shop,0.7837837837837838,0.6590909090909091,0.9666666666666667,29,15,1,259.0
off,dvna,0.84,0.7241379310344828,1.0,21,8,0,147.0
off,goof,0.8654545454545455,0.7628205128205128,1.0,119,37,0,1415.0
off,Cut-The-Funds-NodeJS,0.9259259259259259,0.8620689655172413,1.0,25,4,0,48.0
off,dvws-node,0.8,0.6666666666666666,1.0,30,15,0,243.0
off,durian,0.8,0.6666666666666666,1.0,10,5,0,49.0
off,all,0.8514285714285714,0.743142144638404,0.9966555183946488,298,103,1,2382.0
on,NodeGoat,1.0,1.0,1.0,34,0,0,205.0
on,vulnerable-node,0.9830508474576272,1.0,0.9666666666666667,29,0,1,35.0
on,juice-shop,0.9830508474576272,1.0,0.9666666666666667,29,0,1,274.0
on,dvna,0.975609756097561,1.0,0.9523809523809523,20,0,1,155.0
on,goof,0.9957805907172996,1.0,0.9915966386554622,118,0,1,1452.0
on,Cut-The-Funds-NodeJS,1.0,1.0,1.0,25,0,0,52.0
on,dvws-node,0.9491525423728814,0.9655172413793104,0.9333333333333333,28,1,2,257.0
on,durian,1.0,1.0,1.0,10,0,0,54.0
on,all,0.9881956155143339,0.9965986394557823,0.979933110367893,293,1,6,2484.0
