setting,project_name,f1-score,precision,recall,true positives,false positives,false negatives,true negatives
both_on,NodeGoat,1.0,1.0,1.0,34,0,0,205.0
both_on,vulnerable-node,0.9830508474576272,1.0,0.9666666666666667,29,0,1,35.0
both_on,juice-shop,0.9830508474576272,1.0,0.9666666666666667,29,0,1,274.0
both_on,dvna,0.975609756097561,1.0,0.9523809523809523,20,0,1,155.0
both_on,goof,0.9957805907172996,1.0,0.9915966386554622,118,0,1,1452.0
both_on,Cut-The-Funds-NodeJS,1.0,1.0,1.0,25,0,0,52.0
both_on,dvws-node,0.9491525423728814,0.9655172413793104,0.9333333333333333,28,1,2,257.0
both_on,durian,1.0,1.0,1.0,10,0,0,54.0
both_on,all,0.9881956155143339,0.9965986394557823,0.979933110367893,293,1,6,2484.0
osv_on,NodeGoat,0.9850746268656716,1.0,0.9705882352941176,33,0,1,205.0
osv_on,vulnerable-node,0.9090909090909091,1.0,0.8333333333333334,25,0,5,35.0
osv_on,juice-shop,0.9473684210526315,1.0,0.9,27,0,3,274.0
osv_on,dvna,0.975609756097561,1.0,0.9523809523809523,20,0,1,155.0
osv_on,goof,0.9829059829059829,1.0,0.9663865546218487,115,0,4,1452.0
osv_on,Cut-The-Funds-NodeJS,1.0,1.0,1.0,25,0,0,52.0
osv_on,dvws-node,0.9090909090909091,1.0,0.8333333333333334,25,0,5,258.0
osv_on,durian,1.0,1.0,1.0,10,0,0,54.0
osv_on,all,0.9671848013816926,1.0,0.9364548494983278,280,0,19,2485.0
nvd_on,NodeGoat,0.8656716417910447,0.8787878787878788,0.8529411764705882,29,4,5,201.0
nvd_on,vulnerable-node,0.8771929824561403,0.9259259259259259,0.8333333333333334,25,2,5,33.0
nvd_on,juice-shop,0.8307692307692308,0.7714285714285715,0.9,27,8,3,266.0
nvd_on,dvna,0.8333333333333334,1.0,0.7142857142857143,15,0,6,155.0
nvd_on,goof,0.8380952380952381,0.967032967032967,0.7394957983193278,88,3,31,1449.0
nvd_on,Cut-The-Funds-NodeJS,0.7804878048780488,1.0,0.64,16,0,9,52.0
nvd_on,dvws-node,0.8148148148148148,0.9166666666666666,0.7333333333333333,22,2,8,256.0
nvd_on,durian,0.6666666666666666,1.0,0.5,5,0,5,54.0
nvd_on,all,0.8330275229357799,0.9227642276422764,0.7591973244147158,227,19,72,2466.0
